Model,MAE,R² Score
XGBoost,0.16223479880808536,0.9998665781097955
