Model,MAE
XGBoost,0.16223479880808536
Support Vector Regression (SVR),0.04780980469492867
Gradient Boosting,0.1489548006386644
